{"cameraMode":{"drawMode":0,"name":"Shaded","section":"Shading Mode"},"sceneLighting":true,"audioPlay":false,"sceneViewState":{"showFog":true,"showMaterialUpdate":false,"showSkybox":true,"showFlares":true,"showImageEffects":true,"showParticleSystems":true},"in2DMode":false,"pivot":{"x":-7.6569671630859379,"y":11.279565811157227,"z":-9.492359161376954},"rotation":{"x":0.005688521545380354,"y":0.02609354816377163,"z":0.00014846156409475952,"w":-0.9996433258056641},"size":50.727684020996097,"orthographic":false}